<?xml version="1.0" encoding="UTF-8" ?>
<!DOCTYPE generatorConfiguration PUBLIC "-//mybatis.org//DTD MyBatis Generator Configuration 1.0//EN" "http://mybatis.org/dtd/mybatis-generator-config_1_0.dtd" >
<generatorConfiguration >
  <classPathEntry location="D:\Program Files\MySQL\MySQL Server 5.7\mysql-connector-java-5.6-bin.jar" />
  <context id="context1" >
    <jdbcConnection driverClass="com.mysql.jdbc.Driver" connectionURL="jdbc:mysql://localhost:3306/engine" userId="root" password="7758521song" />
    <javaModelGenerator targetPackage="com.pojo" targetProject="WebCollector/src/main/java" />
    <sqlMapGenerator targetPackage="com.pojo" targetProject="WebCollector/src/main/java" />
    <javaClientGenerator targetPackage="com.pojo" targetProject="WebCollector/src/main/java" type="XMLMAPPER" />
    
    <table schema="engine" tableName="answers" 
    domainObjectName="Answers" enableCountByExample="true"
    enableDeleteByExample="true" enableSelectByExample="true"
    enableUpdateByExample="true">
    </table>
    
       <table schema="engine" tableName="questions" 
    domainObjectName="Questions" enableCountByExample="true"
    enableDeleteByExample="true" enableSelectByExample="true"
    enableUpdateByExample="true">
    </table>
    
     <table schema="engine" tableName="users" 
    domainObjectName="Users" enableCountByExample="true"
    enableDeleteByExample="true" enableSelectByExample="true"
    enableUpdateByExample="true">
    </table>
  </context>
</generatorConfiguration>