<?xml version="1.0" encoding="UTF-8" ?>
<!DOCTYPE configuration PUBLIC "-//mybatis.org//DTD Config 3.0//EN" "http://mybatis.org/dtd/mybatis-3-config.dtd" >
<configuration>
  <environments default="development">
        <environment id="development">
        <transactionManager type="JDBC"/>
            <dataSource type="POOLED">
            <property name="driver" value="com.mysql.jdbc.Driver"/>
            <property name="url" value="jdbc:mysql://localhost:3306/engine" />
            <property name="username" value="root"/>
            <property name="password" value="7758521song"/>
            </dataSource>
        </environment>
    </environments>
	<mappers>
        <!-- 数据标准化 -->
         <mapper resource="com/pojo/UsersMapper.xml" />
         <mapper resource="com/pojo/AnswersMapper.xml" />
         <mapper resource="com/pojo/QuestionsMapper.xml" />
	</mappers>
</configuration>
