<?xml version="1.0" encoding="UTF-8"?>
<!DOCTYPE mapper PUBLIC "-//mybatis.org//DTD Mapper 3.0//EN" "http://mybatis.org/dtd/mybatis-3-mapper.dtd">
<mapper namespace="com.pojo.AnswersMapper">
  <resultMap id="BaseResultMap" type="com.pojo.Answers">
    <!--
      WARNING - @mbggenerated
      This element is automatically generated by MyBatis Generator, do not modify.
      This element was generated on Wed Apr 20 15:19:51 GMT+08:00 2016.
    -->
    <id column="id" jdbcType="BIGINT" property="id" />
    <result column="time" jdbcType="TIMESTAMP" property="time" />
  </resultMap>
  <resultMap extends="BaseResultMap" id="ResultMapWithBLOBs" type="com.pojo.AnswersWithBLOBs">
    <!--
      WARNING - @mbggenerated
      This element is automatically generated by MyBatis Generator, do not modify.
      This element was generated on Wed Apr 20 15:19:51 GMT+08:00 2016.
    -->
    <result column="question" jdbcType="LONGVARCHAR" property="question" />
    <result column="answer" jdbcType="LONGVARCHAR" property="answer" />
    <result column="link" jdbcType="LONGVARCHAR" property="link" />
  </resultMap>
  <sql id="Example_Where_Clause">
    <!--
      WARNING - @mbggenerated
      This element is automatically generated by MyBatis Generator, do not modify.
      This element was generated on Wed Apr 20 15:19:51 GMT+08:00 2016.
    -->
    <where>
      <foreach collection="oredCriteria" item="criteria" separator="or">
        <if test="criteria.valid">
          <trim prefix="(" prefixOverrides="and" suffix=")">
            <foreach collection="criteria.criteria" item="criterion">
              <choose>
                <when test="criterion.noValue">
                  and ${criterion.condition}
                </when>
                <when test="criterion.singleValue">
                  and ${criterion.condition} #{criterion.value}
                </when>
                <when test="criterion.betweenValue">
                  and ${criterion.condition} #{criterion.value} and #{criterion.secondValue}
                </when>
                <when test="criterion.listValue">
                  and ${criterion.condition}
                  <foreach close=")" collection="criterion.value" item="listItem" open="(" separator=",">
                    #{listItem}
                  </foreach>
                </when>
              </choose>
            </foreach>
          </trim>
        </if>
      </foreach>
    </where>
  </sql>
  <sql id="Update_By_Example_Where_Clause">
    <!--
      WARNING - @mbggenerated
      This element is automatically generated by MyBatis Generator, do not modify.
      This element was generated on Wed Apr 20 15:19:51 GMT+08:00 2016.
    -->
    <where>
      <foreach collection="example.oredCriteria" item="criteria" separator="or">
        <if test="criteria.valid">
          <trim prefix="(" prefixOverrides="and" suffix=")">
            <foreach collection="criteria.criteria" item="criterion">
              <choose>
                <when test="criterion.noValue">
                  and ${criterion.condition}
                </when>
                <when test="criterion.singleValue">
                  and ${criterion.condition} #{criterion.value}
                </when>
                <when test="criterion.betweenValue">
                  and ${criterion.condition} #{criterion.value} and #{criterion.secondValue}
                </when>
                <when test="criterion.listValue">
                  and ${criterion.condition}
                  <foreach close=")" collection="criterion.value" item="listItem" open="(" separator=",">
                    #{listItem}
                  </foreach>
                </when>
              </choose>
            </foreach>
          </trim>
        </if>
      </foreach>
    </where>
  </sql>
  <sql id="Base_Column_List">
    <!--
      WARNING - @mbggenerated
      This element is automatically generated by MyBatis Generator, do not modify.
      This element was generated on Wed Apr 20 15:19:51 GMT+08:00 2016.
    -->
    id, time
  </sql>
  <sql id="Blob_Column_List">
    <!--
      WARNING - @mbggenerated
      This element is automatically generated by MyBatis Generator, do not modify.
      This element was generated on Wed Apr 20 15:19:51 GMT+08:00 2016.
    -->
    question, answer, link
  </sql>
  <select id="selectByExampleWithBLOBs" parameterType="com.pojo.AnswersExample" resultMap="ResultMapWithBLOBs">
    <!--
      WARNING - @mbggenerated
      This element is automatically generated by MyBatis Generator, do not modify.
      This element was generated on Wed Apr 20 15:19:51 GMT+08:00 2016.
    -->
    select
    <if test="distinct">
      distinct
    </if>
    <include refid="Base_Column_List" />
    ,
    <include refid="Blob_Column_List" />
    from answers
    <if test="_parameter != null">
      <include refid="Example_Where_Clause" />
    </if>
    <if test="orderByClause != null">
      order by ${orderByClause}
    </if>
  </select>
  <select id="selectByExample" parameterType="com.pojo.AnswersExample" resultMap="BaseResultMap">
    <!--
      WARNING - @mbggenerated
      This element is automatically generated by MyBatis Generator, do not modify.
      This element was generated on Wed Apr 20 15:19:51 GMT+08:00 2016.
    -->
    select
    <if test="distinct">
      distinct
    </if>
    <include refid="Base_Column_List" />
    from answers
    <if test="_parameter != null">
      <include refid="Example_Where_Clause" />
    </if>
    <if test="orderByClause != null">
      order by ${orderByClause}
    </if>
  </select>
  <select id="selectByPrimaryKey" parameterType="java.lang.Long" resultMap="ResultMapWithBLOBs">
    <!--
      WARNING - @mbggenerated
      This element is automatically generated by MyBatis Generator, do not modify.
      This element was generated on Wed Apr 20 15:19:51 GMT+08:00 2016.
    -->
    select 
    <include refid="Base_Column_List" />
    ,
    <include refid="Blob_Column_List" />
    from answers
    where id = #{id,jdbcType=BIGINT}
  </select>
  <delete id="deleteByPrimaryKey" parameterType="java.lang.Long">
    <!--
      WARNING - @mbggenerated
      This element is automatically generated by MyBatis Generator, do not modify.
      This element was generated on Wed Apr 20 15:19:51 GMT+08:00 2016.
    -->
    delete from answers
    where id = #{id,jdbcType=BIGINT}
  </delete>
  <delete id="deleteByExample" parameterType="com.pojo.AnswersExample">
    <!--
      WARNING - @mbggenerated
      This element is automatically generated by MyBatis Generator, do not modify.
      This element was generated on Wed Apr 20 15:19:51 GMT+08:00 2016.
    -->
    delete from answers
    <if test="_parameter != null">
      <include refid="Example_Where_Clause" />
    </if>
  </delete>
  <insert id="insert" parameterType="com.pojo.AnswersWithBLOBs">
    <!--
      WARNING - @mbggenerated
      This element is automatically generated by MyBatis Generator, do not modify.
      This element was generated on Wed Apr 20 15:19:51 GMT+08:00 2016.
    -->
    insert into answers (id, time, question, 
      answer, link)
    values (#{id,jdbcType=BIGINT}, #{time,jdbcType=TIMESTAMP}, #{question,jdbcType=LONGVARCHAR}, 
      #{answer,jdbcType=LONGVARCHAR}, #{link,jdbcType=LONGVARCHAR})
  </insert>
  <insert id="insertSelective" parameterType="com.pojo.AnswersWithBLOBs">
    <!--
      WARNING - @mbggenerated
      This element is automatically generated by MyBatis Generator, do not modify.
      This element was generated on Wed Apr 20 15:19:51 GMT+08:00 2016.
    -->
    insert into answers
    <trim prefix="(" suffix=")" suffixOverrides=",">
      <if test="id != null">
        id,
      </if>
      <if test="time != null">
        time,
      </if>
      <if test="question != null">
        question,
      </if>
      <if test="answer != null">
        answer,
      </if>
      <if test="link != null">
        link,
      </if>
    </trim>
    <trim prefix="values (" suffix=")" suffixOverrides=",">
      <if test="id != null">
        #{id,jdbcType=BIGINT},
      </if>
      <if test="time != null">
        #{time,jdbcType=TIMESTAMP},
      </if>
      <if test="question != null">
        #{question,jdbcType=LONGVARCHAR},
      </if>
      <if test="answer != null">
        #{answer,jdbcType=LONGVARCHAR},
      </if>
      <if test="link != null">
        #{link,jdbcType=LONGVARCHAR},
      </if>
    </trim>
  </insert>
  <select id="countByExample" parameterType="com.pojo.AnswersExample" resultType="java.lang.Integer">
    <!--
      WARNING - @mbggenerated
      This element is automatically generated by MyBatis Generator, do not modify.
      This element was generated on Wed Apr 20 15:19:51 GMT+08:00 2016.
    -->
    select count(*) from answers
    <if test="_parameter != null">
      <include refid="Example_Where_Clause" />
    </if>
  </select>
  <update id="updateByExampleSelective" parameterType="map">
    <!--
      WARNING - @mbggenerated
      This element is automatically generated by MyBatis Generator, do not modify.
      This element was generated on Wed Apr 20 15:19:51 GMT+08:00 2016.
    -->
    update answers
    <set>
      <if test="record.id != null">
        id = #{record.id,jdbcType=BIGINT},
      </if>
      <if test="record.time != null">
        time = #{record.time,jdbcType=TIMESTAMP},
      </if>
      <if test="record.question != null">
        question = #{record.question,jdbcType=LONGVARCHAR},
      </if>
      <if test="record.answer != null">
        answer = #{record.answer,jdbcType=LONGVARCHAR},
      </if>
      <if test="record.link != null">
        link = #{record.link,jdbcType=LONGVARCHAR},
      </if>
    </set>
    <if test="_parameter != null">
      <include refid="Update_By_Example_Where_Clause" />
    </if>
  </update>
  <update id="updateByExampleWithBLOBs" parameterType="map">
    <!--
      WARNING - @mbggenerated
      This element is automatically generated by MyBatis Generator, do not modify.
      This element was generated on Wed Apr 20 15:19:51 GMT+08:00 2016.
    -->
    update answers
    set id = #{record.id,jdbcType=BIGINT},
      time = #{record.time,jdbcType=TIMESTAMP},
      question = #{record.question,jdbcType=LONGVARCHAR},
      answer = #{record.answer,jdbcType=LONGVARCHAR},
      link = #{record.link,jdbcType=LONGVARCHAR}
    <if test="_parameter != null">
      <include refid="Update_By_Example_Where_Clause" />
    </if>
  </update>
  <update id="updateByExample" parameterType="map">
    <!--
      WARNING - @mbggenerated
      This element is automatically generated by MyBatis Generator, do not modify.
      This element was generated on Wed Apr 20 15:19:51 GMT+08:00 2016.
    -->
    update answers
    set id = #{record.id,jdbcType=BIGINT},
      time = #{record.time,jdbcType=TIMESTAMP}
    <if test="_parameter != null">
      <include refid="Update_By_Example_Where_Clause" />
    </if>
  </update>
  <update id="updateByPrimaryKeySelective" parameterType="com.pojo.AnswersWithBLOBs">
    <!--
      WARNING - @mbggenerated
      This element is automatically generated by MyBatis Generator, do not modify.
      This element was generated on Wed Apr 20 15:19:51 GMT+08:00 2016.
    -->
    update answers
    <set>
      <if test="time != null">
        time = #{time,jdbcType=TIMESTAMP},
      </if>
      <if test="question != null">
        question = #{question,jdbcType=LONGVARCHAR},
      </if>
      <if test="answer != null">
        answer = #{answer,jdbcType=LONGVARCHAR},
      </if>
      <if test="link != null">
        link = #{link,jdbcType=LONGVARCHAR},
      </if>
    </set>
    where id = #{id,jdbcType=BIGINT}
  </update>
  <update id="updateByPrimaryKeyWithBLOBs" parameterType="com.pojo.AnswersWithBLOBs">
    <!--
      WARNING - @mbggenerated
      This element is automatically generated by MyBatis Generator, do not modify.
      This element was generated on Wed Apr 20 15:19:51 GMT+08:00 2016.
    -->
    update answers
    set time = #{time,jdbcType=TIMESTAMP},
      question = #{question,jdbcType=LONGVARCHAR},
      answer = #{answer,jdbcType=LONGVARCHAR},
      link = #{link,jdbcType=LONGVARCHAR}
    where id = #{id,jdbcType=BIGINT}
  </update>
  <update id="updateByPrimaryKey" parameterType="com.pojo.Answers">
    <!--
      WARNING - @mbggenerated
      This element is automatically generated by MyBatis Generator, do not modify.
      This element was generated on Wed Apr 20 15:19:51 GMT+08:00 2016.
    -->
    update answers
    set time = #{time,jdbcType=TIMESTAMP}
    where id = #{id,jdbcType=BIGINT}
  </update>
</mapper>